term,slug,cluster,status,priority
What is RAG,what-is-rag,llms,done,1
What is an AI Agent,what-is-an-ai-agent,ai-agents,done,1
What is an LLM,what-is-an-llm,ai-basics,failed,1
What is MCP,what-is-mcp,ai-infrastructure,done,2
What is Prompt Engineering,what-is-prompt-engineering,prompt-engineering,done,1
What is Fine Tuning,what-is-fine-tuning,llms,done,1
What is a Vector Database,what-is-a-vector-database,ai-infrastructure,done,2
What is Hallucination in AI,what-is-hallucination-in-ai,ai-basics,done,1
What is Machine Learning,what-is-machine-learning,ai-basics,done,1
What is Deep Learning,what-is-deep-learning,ai-basics,done,1
What is Neural Network,what-is-neural-network,ai-basics,done,1
What is Transformer Architecture,what-is-transformer-architecture,llms,done,1
What is Tokenization,what-is-tokenization,llms,failed,1
What is Embedding,what-is-embedding,ai-infrastructure,failed,2
What is Attention Mechanism,what-is-attention-mechanism,llms,failed,1
What is Temperature in AI,what-is-temperature-in-ai,prompt-engineering,done,1
What is Top-K Sampling,what-is-top-k-sampling,prompt-engineering,done,2
What is Chain of Thought,what-is-chain-of-thought,prompt-engineering,done,1
What is Few Shot Prompting,what-is-few-shot-prompting,prompt-engineering,done,1
What is Zero Shot Prompting,what-is-zero-shot-prompting,prompt-engineering,done,1
What is ChatGPT,what-is-chatgpt,ai-tools,done,1
What is Claude,what-is-claude,ai-tools,failed,1
What is Gemini,what-is-gemini,ai-tools,failed,1
What is DALL-E,what-is-dall-e,ai-tools,failed,1
What is Midjourney,what-is-midjourney,ai-tools,failed,1
What is Stable Diffusion,what-is-stable-diffusion,ai-tools,failed,1
What is Copilot,what-is-copilot,ai-tools,done,1
What is Perplexity AI,what-is-perplexity-ai,ai-tools,failed,2
What is Retrieval Augmented Generation,what-is-retrieval-augmented-generation,llms,failed,1
What is Semantic Search,what-is-semantic-search,ai-infrastructure,done,2
What is Model Quantization,what-is-model-quantization,llms,failed,2
What is Inference,what-is-inference,ai-basics,done,1
What is Training Data,what-is-training-data,ai-basics,done,1
What is Overfitting,what-is-overfitting,ai-basics,done,1
What is Underfitting,what-is-underfitting,ai-basics,done,1
What is Bias in AI,what-is-bias-in-ai,ai-basics,done,1
What is Accuracy in AI,what-is-accuracy-in-ai,ai-basics,done,1
What is Precision and Recall,what-is-precision-and-recall,ai-basics,done,1
What is Loss Function,what-is-loss-function,ai-basics,done,1
What is Gradient Descent,what-is-gradient-descent,ai-basics,done,1
What is Backpropagation,what-is-backpropagation,ai-basics,done,1
What is Activation Function,what-is-activation-function,ai-basics,done,1
What is Batch Size,what-is-batch-size,prompt-engineering,done,2
What is Learning Rate,what-is-learning-rate,ai-basics,done,1
What is Epoch in Machine Learning,what-is-epoch-in-machine-learning,ai-basics,done,1
What is Hyperparameter Tuning,what-is-hyperparameter-tuning,ai-basics,failed,1
What is Cross Validation,what-is-cross-validation,ai-basics,done,1
What is Regularization,what-is-regularization,ai-basics,failed,1
What is Dropout,what-is-dropout,ai-basics,done,1
What is Batch Normalization,what-is-batch-normalization,ai-basics,done,1
What is Natural Language Processing,what-is-natural-language-processing,ai-basics,failed,1
What is Computer Vision,what-is-computer-vision,ai-basics,failed,1
What is Reinforcement Learning,what-is-reinforcement-learning,ai-basics,done,1
What is Supervised Learning,what-is-supervised-learning,ai-basics,failed,1
What is Unsupervised Learning,what-is-unsupervised-learning,ai-basics,done,1
What is Transfer Learning,what-is-transfer-learning,llms,done,1
What is Generative AI,what-is-generative-ai,ai-basics,failed,1
What is Discriminative AI,what-is-discriminative-ai,ai-basics,done,2
What is a GAN,what-is-a-gan,ai-basics,failed,1
What is a Diffusion Model,what-is-a-diffusion-model,ai-basics,failed,1
What is Multimodal AI,what-is-multimodal-ai,llms,failed,1
What is GPT,what-is-gpt,llms,done,1
What is BERT,what-is-bert,llms,failed,2
What is Open Source AI,what-is-open-source-ai,ai-tools,failed,1
What is Llama,what-is-llama,llms,failed,1
What is Mistral,what-is-mistral,llms,failed,2
What is Context Window,what-is-context-window,llms,done,1
What is Token Limit,what-is-token-limit,llms,done,1
What is System Prompt,what-is-system-prompt,prompt-engineering,done,1
What is Role Prompting,what-is-role-prompting,prompt-engineering,done,1
What is Prompt Injection,what-is-prompt-injection,prompt-engineering,failed,1
What is Jailbreaking AI,what-is-jailbreaking-ai,prompt-engineering,failed,2
What is AI Safety,what-is-ai-safety,ai-basics,done,1
What is AI Alignment,what-is-ai-alignment,ai-basics,failed,1
What is AGI,what-is-agi,ai-basics,failed,1
What is Narrow AI,what-is-narrow-ai,ai-basics,done,1
What is AI Ethics,what-is-ai-ethics,ai-basics,done,1
What is Explainable AI,what-is-explainable-ai,ai-basics,done,2
What is AI Governance,what-is-ai-governance,ai-basics,failed,2
What is Deepfake,what-is-deepfake,ai-tools,done,1
What is Text to Speech AI,what-is-text-to-speech-ai,ai-tools,failed,1
What is Speech to Text AI,what-is-speech-to-text-ai,ai-tools,done,1
What is AI Image Generation,what-is-ai-image-generation,ai-tools,failed,1
What is AI Video Generation,what-is-ai-video-generation,ai-tools,failed,1
What is AI Music Generation,what-is-ai-music-generation,ai-tools,failed,2
What is AI Code Generation,what-is-ai-code-generation,ai-tools,done,1
What is AI Writing Assistant,what-is-ai-writing-assistant,ai-tools,done,1
What is AI Chatbot,what-is-ai-chatbot,ai-tools,done,1
What is Siri,what-is-siri,ai-tools,done,2
What is Alexa AI,what-is-alexa-ai,ai-tools,done,2
What is Google Assistant,what-is-google-assistant,ai-tools,done,2
What is Notion AI,what-is-notion-ai,ai-tools,done,2
What is Grammarly AI,what-is-grammarly-ai,ai-tools,done,2
What is Jasper AI,what-is-jasper-ai,ai-tools,done,2
What is Runway ML,what-is-runway-ml,ai-tools,done,2
What is ElevenLabs,what-is-elevenlabs,ai-tools,failed,2
What is Hugging Face,what-is-hugging-face,ai-tools,failed,1
What is LangChain,what-is-langchain,ai-agents,failed,1
What is AutoGPT,what-is-autogpt,ai-agents,done,1
What is CrewAI,what-is-crewai,ai-agents,done,2
What is Tool Use in AI,what-is-tool-use-in-ai,ai-agents,failed,1
What is Function Calling,what-is-function-calling,ai-agents,done,1
What is AI Workflow Automation,what-is-ai-workflow-automation,ai-agents,failed,1
What is AI Orchestration,what-is-ai-orchestration,ai-agents,failed,2
What is Agentic AI,what-is-agentic-ai,ai-agents,failed,1
What is ReAct Prompting,what-is-react-prompting,ai-agents,done,2
What is AI Memory,what-is-ai-memory,ai-agents,done,1
What is AI Planning,what-is-ai-planning,ai-agents,done,2
What is Multi Agent System,what-is-multi-agent-system,ai-agents,done,2
What is AI API,what-is-ai-api,ai-infrastructure,done,1
What is Model Serving,what-is-model-serving,ai-infrastructure,done,2
What is GPU in AI,what-is-gpu-in-ai,ai-infrastructure,done,1
What is TPU,what-is-tpu,ai-infrastructure,done,2
What is Cloud AI,what-is-cloud-ai,ai-infrastructure,done,1
What is Edge AI,what-is-edge-ai,ai-infrastructure,done,2
What is On Device AI,what-is-on-device-ai,ai-infrastructure,done,1
What is AI Model,what-is-ai-model,ai-basics,done,1
What is Model Training,what-is-model-training,ai-basics,done,1
What is Pre Training,what-is-pre-training,llms,failed,2
What is RLHF,what-is-rlhf,llms,done,1
What is DPO,what-is-dpo,llms,done,2
What is Distillation in AI,what-is-distillation-in-ai,llms,done,2
What is LoRA,what-is-lora,llms,done,1
What is Prompt Template,what-is-prompt-template,prompt-engineering,done,1
What is Structured Output,what-is-structured-output,prompt-engineering,done,2
What is JSON Mode in AI,what-is-json-mode-in-ai,prompt-engineering,done,2
What is Streaming in AI,what-is-streaming-in-ai,ai-infrastructure,done,2
What is Latency in AI,what-is-latency-in-ai,ai-infrastructure,done,2
What is Throughput in AI,what-is-throughput-in-ai,ai-infrastructure,done,2
What is AI Benchmark,what-is-ai-benchmark,ai-basics,done,2
What is MMLU,what-is-mmlu,ai-basics,failed,2
What is Perplexity Score,what-is-perplexity-score,llms,done,2
What is Cosine Similarity,what-is-cosine-similarity,ai-infrastructure,done,2
What is Chunking in AI,what-is-chunking-in-ai,ai-infrastructure,failed,1
What is Data Labeling,what-is-data-labeling,ai-basics,done,1
What is Synthetic Data,what-is-synthetic-data,ai-basics,failed,1
What is Data Augmentation,what-is-data-augmentation,ai-basics,failed,2
What is Feature Engineering,what-is-feature-engineering,ai-basics,done,2
What is AI Pipeline,what-is-ai-pipeline,ai-infrastructure,done,2
What is MLOps,what-is-mlops,ai-infrastructure,failed,2
What is AI Monitoring,what-is-ai-monitoring,ai-infrastructure,done,2
What is Model Drift,what-is-model-drift,ai-infrastructure,done,2
What is AI Guardrails,what-is-ai-guardrails,ai-safety,done,1
What is Content Moderation AI,what-is-content-moderation-ai,ai-safety,failed,1
What is AI Watermarking,what-is-ai-watermarking,ai-safety,failed,2
What is AI Detection,what-is-ai-detection,ai-safety,done,1
What is Copyright in AI,what-is-copyright-in-ai,ai-safety,done,2
What is AI Regulation,what-is-ai-regulation,ai-safety,failed,2
What is Sentiment Analysis,what-is-sentiment-analysis,ai-basics,failed,1
What is Named Entity Recognition,what-is-named-entity-recognition,ai-basics,done,2
What is Text Classification,what-is-text-classification,ai-basics,done,2
What is Text Summarization,what-is-text-summarization,ai-basics,done,1
What is Machine Translation,what-is-machine-translation,ai-basics,failed,1
What is Object Detection,what-is-object-detection,ai-basics,done,1
What is Image Classification,what-is-image-classification,ai-basics,done,2
What is Facial Recognition,what-is-facial-recognition,ai-basics,done,1
What is OCR,what-is-ocr,ai-basics,done,1
What is Recommendation System,what-is-recommendation-system,ai-basics,done,1
What is Conversational AI,what-is-conversational-ai,ai-tools,done,1
What is Voice Cloning,what-is-voice-cloning,ai-tools,done,1
What is AI Avatar,what-is-ai-avatar,ai-tools,failed,2
What is AI Companion,what-is-ai-companion,ai-tools,failed,2
What is AI Search,what-is-ai-search,ai-tools,done,1
What is AI Summarizer,what-is-ai-summarizer,ai-tools,done,1
What is AI Transcription,what-is-ai-transcription,ai-tools,failed,1
What is AI Photo Editing,what-is-ai-photo-editing,ai-tools,done,2
What is AI Upscaling,what-is-ai-upscaling,ai-tools,done,2
What is AI Background Removal,what-is-ai-background-removal,ai-tools,done,2
What is Autonomous Vehicle AI,what-is-autonomous-vehicle-ai,ai-basics,failed,1
What is AI in Healthcare,what-is-ai-in-healthcare,ai-basics,done,1
What is AI in Finance,what-is-ai-in-finance,ai-basics,failed,2
What is AI in Education,what-is-ai-in-education,ai-basics,failed,2
What is AI in Gaming,what-is-ai-in-gaming,ai-basics,done,2
What is Predictive AI,what-is-predictive-ai,ai-basics,done,1
What is Prescriptive AI,what-is-prescriptive-ai,ai-basics,failed,2
What is Cognitive Computing,what-is-cognitive-computing,ai-basics,done,2
What is Knowledge Graph,what-is-knowledge-graph,ai-infrastructure,failed,1
What is Ontology in AI,what-is-ontology-in-ai,ai-infrastructure,done,2
What is Weights in AI,what-is-weights-in-ai,ai-basics,done,1
What is Parameters in AI,what-is-parameters-in-ai,llms,done,1
What is a Foundation Model,what-is-a-foundation-model,llms,failed,1
What is a Small Language Model,what-is-a-small-language-model,llms,failed,1
What is AI Reasoning,what-is-ai-reasoning,ai-agents,done,1
What is Chain of Agents,what-is-chain-of-agents,ai-agents,done,2
What is AI Assistant,what-is-ai-assistant,ai-tools,done,1
What is Prompt Chaining,what-is-prompt-chaining,prompt-engineering,done,1
What is Meta Prompting,what-is-meta-prompting,prompt-engineering,done,2
What is Self Consistency Prompting,what-is-self-consistency-prompting,prompt-engineering,done,2
What is Tree of Thought,what-is-tree-of-thought,prompt-engineering,pending,2
What is Retrieval in AI,what-is-retrieval-in-ai,ai-infrastructure,pending,1
What is Pinecone,what-is-pinecone,ai-infrastructure,pending,2
What is Weaviate,what-is-weaviate,ai-infrastructure,pending,2
What is ChromaDB,what-is-chromadb,ai-infrastructure,pending,2
What is OpenAI,what-is-openai,ai-tools,pending,1
What is Anthropic,what-is-anthropic,ai-tools,pending,1
What is Google DeepMind,what-is-google-deepmind,ai-tools,pending,2
What is Meta AI,what-is-meta-ai,ai-tools,pending,2
What is AI Startup,what-is-ai-startup,ai-basics,pending,2
What is AI Winter,what-is-ai-winter,ai-basics,pending,2
What is the Turing Test,what-is-the-turing-test,ai-basics,pending,1
What is the Chinese Room Argument,what-is-the-chinese-room-argument,ai-basics,pending,2
What is Artificial Superintelligence,what-is-artificial-superintelligence,ai-basics,pending,2
What is AI Singularity,what-is-ai-singularity,ai-basics,pending,2
What is Artificial Intelligence,what-is-artificial-intelligence,ai-basics,pending,1
What is Algorithm,what-is-algorithm,ai-basics,pending,1
What is Augmented Reality AI,what-is-augmented-reality-ai,ai-tools,pending,2
What is AI Bias,what-is-ai-bias,ai-safety,pending,1
What is Backlog in AI Development,what-is-backlog-in-ai-development,ai-basics,pending,2
What is Beyond the Hype,what-is-beyond-the-hype,ai-basics,pending,2
What is Classification,what-is-classification,ai-basics,pending,1
What is Clustering,what-is-clustering,ai-basics,pending,2
What is Consent in AI,what-is-consent-in-ai,ai-safety,pending,2
What is Data Privacy,what-is-data-privacy,ai-safety,pending,1
What is Data Science,what-is-data-science,ai-basics,pending,1
What is Decision Tree,what-is-decision-tree,ai-basics,pending,2
What is Explainability,what-is-explainability,ai-safety,pending,1
What is Ethics in AI,what-is-ethics-in-ai,ai-basics,pending,1
What is Fairness in AI,what-is-fairness-in-ai,ai-safety,pending,1
What is Feedback Loop,what-is-feedback-loop,ai-basics,pending,2
What is General Knowledge,what-is-general-knowledge,ai-basics,pending,2
What is Generalization in AI,what-is-generalization-in-ai,ai-basics,pending,2
What is Hallucination Prevention,what-is-hallucination-prevention,ai-safety,pending,2
What is Human in the Loop AI,what-is-human-in-the-loop-ai,ai-agents,pending,1
What is Heuristics in AI,what-is-heuristics-in-ai,ai-basics,pending,2
What is Interpretability,what-is-interpretability,ai-basics,pending,1
What is Intelligent Automation,what-is-intelligent-automation,ai-tools,pending,1
What is Instance Learning,what-is-instance-learning,ai-basics,pending,2
What is Inductive Learning,what-is-inductive-learning,ai-basics,pending,2
What is Judgement Bias,what-is-judgement-bias,ai-safety,pending,2
What is Knowledge Base,what-is-knowledge-base,ai-infrastructure,pending,1
What is Keyword Extraction,what-is-keyword-extraction,ai-basics,pending,2
What is Latent Representation,what-is-latent-representation,ai-basics,pending,2
What is Labeled Data,what-is-labeled-data,ai-basics,pending,1
What is Lazy Learning,what-is-lazy-learning,ai-basics,pending,2
What is Machine Perception,what-is-machine-perception,ai-basics,pending,2
What is Machine Understanding,what-is-machine-understanding,ai-basics,pending,1
What is Model Explainability,what-is-model-explainability,ai-safety,pending,1
What is Model Interpretability,what-is-model-interpretability,ai-basics,pending,1
What is Metacognition in AI,what-is-metacognition-in-ai,ai-agents,pending,2
What is Noise in Data,what-is-noise-in-data,ai-basics,pending,2
What is Natural Intelligence,what-is-natural-intelligence,ai-basics,pending,2
What is Novelty Detection,what-is-novelty-detection,ai-basics,pending,2
What is Optimization Problem,what-is-optimization-problem,ai-basics,pending,2
What is Output Layer,what-is-output-layer,ai-basics,pending,2
What is Overgeneralization,what-is-overgeneralization,ai-basics,pending,2
What is Pattern Recognition,what-is-pattern-recognition,ai-basics,pending,1
What is Probabilistic Model,what-is-probabilistic-model,ai-basics,pending,2
What is Private AI,what-is-private-ai,ai-safety,pending,1
What is Query in AI,what-is-query-in-ai,ai-infrastructure,pending,2
What is Reasoning Engine,what-is-reasoning-engine,ai-agents,pending,1
What is Responsible AI,what-is-responsible-ai,ai-safety,pending,1
What is Semantic Understanding,what-is-semantic-understanding,ai-basics,pending,1
What is Sentiment Score,what-is-sentiment-score,ai-basics,pending,2
What is Strong AI,what-is-strong-ai,ai-basics,pending,1
What is Weak AI,what-is-weak-ai,ai-basics,pending,1
What is Supervised vs Unsupervised,what-is-supervised-vs-unsupervised,ai-basics,pending,1
What is Serendipity in AI,what-is-serendipity-in-ai,ai-basics,pending,2
What is Transparency in AI,what-is-transparency-in-ai,ai-safety,pending,1
What is Tokenizer,what-is-tokenizer,ai-basics,pending,2
What is Trust in AI,what-is-trust-in-ai,ai-safety,pending,1
What is Testing and Validation,what-is-testing-and-validation,ai-basics,pending,2
What is Uncertainty in AI,what-is-uncertainty-in-ai,ai-basics,pending,2
What is User Intent,what-is-user-intent,ai-basics,pending,2
What is Validation Set,what-is-validation-set,ai-basics,pending,2
What is Variability in AI,what-is-variability-in-ai,ai-basics,pending,2
What is Vector,what-is-vector,ai-infrastructure,pending,2
What is Vectorization,what-is-vectorization,ai-infrastructure,pending,2
What is Wisdom in AI,what-is-wisdom-in-ai,ai-basics,pending,2
What is Weak Supervision,what-is-weak-supervision,ai-basics,pending,2
What is Workflow Orchestration,what-is-workflow-orchestration,ai-infrastructure,pending,2
What is XAI,what-is-xai,ai-safety,pending,1
